authorID,authorNameCN,authorNameTC,山水,人物,花鸟,cid
AU000005,边鲁,邊魯,0,0,2,112904
AU000009,曹知白,曹知白,18,0,4,107399
AU000012,查士标,查士標,52,0,2,84775
AU000015,陈栝,陳栝,0,0,7,523881
AU000016,陈洪绶,陳洪綬,16,61,51,65496
AU000018,陈继儒,陳繼儒,4,0,15,10879
AU000022,陈居中,陳居中,2,14,2,47873
AU000023,陈琳,陳琳,1,1,5,47526
AU000024,陈清波,陳清波,1,1,0,47944
AU000025,陈容,陳容,2,0,17,25858
AU000026,陈汝言,陳汝言,9,0,0,26192
AU000030,陈子和,陳子和,1,2,3,544446
AU000031,程嘉燧,程嘉燧,5,2,3,59750
AU000033,仇英,仇英,57,85,4,388142
AU000035,崔白,崔白,1,0,15,37775
AU000037,戴进,戴進,15,17,2,133416
AU000038,戴嵩,戴嵩,0,3,6,555137
AU000041,翟院深,翟院深,1,0,0,50018
AU000043,丁野夫,丁野夫,0,1,0,100277
AU000044,丁云鹏,丁雲鵬,11,34,0,126323
AU000045,董其昌,董其昌,196,2,2,35003
AU000046,董源,董源,26,0,0,49698
AU000047,杜堇,杜堇,0,14,0,127718
AU000051,法若真,法若真,4,0,0,65869
AU000054,方从义,方從義,29,0,0,100557
AU000057,高凤翰,高鳳翰,7,2,18,144812
AU000059,高克恭,高克恭,24,0,2,106263
AU000061,高焘,高燾,1,0,0,44590
AU000065,龚开,龔開,0,5,1,28346
AU000067,顾安,顧安,0,0,9,113456
AU000069,顾闳中,顧閎中,0,1,0,39098
AU000070,顾恺之,顧愷之,0,7,0,433396
AU000075,郭畀,郭畀,2,0,1,33477
AU000077,郭忠恕,郭忠恕,16,1,0,33480
AU000078,韩干,韓幹,0,2,12,448745
AU000079,韩滉,韓滉,0,4,4,22452
AU000080,何澄,何澄,1,0,0,42094
AU000081,何浩,何浩,1,0,0,41955
AU000085,胡舜臣,胡舜臣,1,0,0,43369
AU000089,华岩,華嵒,28,20,35,74523
AU000092,黄鼎,黃鼎,16,0,1,88009
AU000093,黄公望,黃公望,32,0,1,109158
AU000094,黄居寀,黃居寀,0,0,9,41485
AU000095,黄筌,黃筌,1,0,10,41489
AU000096,黄慎,黃慎,5,18,9,338408
AU000098,黄向坚,黃向堅,1,0,0,30661
AU000102,江参,江參,6,0,0,15430
AU000103,蒋嵩,蔣嵩,4,4,0,132567
AU000106,金农,金農,0,6,97,82983
AU000107,金润,金潤,1,0,0,128747
AU000108,金廷标,金廷標,3,16,6,438091
AU000109,金铉,金鉉,2,0,0,128744
AU000110,荆浩,荊浩,8,0,0,43819
AU000114,柯九思,柯九思,2,1,7,28338
AU000117,蓝瑛,藍瑛,113,0,5,90664
AU000118,郎世宁,郎世寧,25,20,76,438092
AU000119,李安忠,李安忠,3,0,11,40612
AU000121,李成,李成,30,2,2,24294
AU000122,李迪,李迪,4,5,28,19726
AU000123,李东,李東,1,0,0,40288
AU000124,李方膺,李方膺,0,0,18,77349
AU000125,李公麟,李公麟,12,84,5,19865
AU000126,李公年,李公年,1,0,0,40920
AU000128,李结,李結,1,0,0,3482
AU000129,李衎,李衎,0,0,11,33488
AU000133,李鳝,李鱔,0,1,62,77198
AU000134,李升,李升,1,1,0,102756
AU000135,李士行,李士行,1,0,4,33492
AU000136,李世倬,李世倬,13,1,3,58842
AU000137,李思训,李思訓,9,0,0,146342
AU000139,李嵩,李嵩,17,9,5,40617
AU000140,李唐,李唐,42,8,2,40532
AU000142,李在,李在,8,3,0,127779
AU000144,李昭,李昭,0,0,1,45966
AU000145,李昭道,李昭道,15,0,0,187368
AU000147,梁楷,梁楷,14,22,7,22821
AU000149,梁师闵,梁師閔,1,0,0,46430
AU000150,林椿,林椿,0,0,22,15917
AU000153,林良,林良,0,0,30,128590
AU000156,刘寀,劉寀,0,0,1,110912
AU000157,刘贯道,劉貫道,4,7,1,111369
AU000159,刘履中,劉履中,0,2,0,52080
AU000161,刘松年,劉松年,22,51,0,52001
AU000163,柳如是,柳如是,1,0,1,511456
AU000164,卢鸿,盧鴻,1,0,0,33754
AU000167,鲁宗贵,魯宗貴,0,1,5,51639
AU000168,陆广,陸廣,4,0,1,108378
AU000170,陆行直,陸行直,0,0,1,108392
AU000173,陆治,陸治,31,4,21,130737
AU000176,罗聘,羅聘,9,14,34,82859
AU000177,罗稚川,羅稚川,2,0,3,449544
AU000180,吕纪,呂紀,3,2,56,128315
AU000181,吕敬甫,呂敬甫,0,0,3,102597
AU000183,马贲,馬賁,0,0,1,38206
AU000184,马和之,馬和之,7,20,2,44736
AU000185,马逵,馬逵,5,1,0,44019
AU000186,马麟,馬麟,14,4,28,44218
AU000188,马琬,馬琬,12,0,0,106010
AU000189,马远,馬遠,103,22,14,44099
AU000191,毛松,毛松,0,0,3,38539
AU000192,毛益,毛益,0,2,10,38515
AU000194,米芾,米芾,18,1,2,3676
AU000195,米友仁,米友仁,15,0,0,1366
AU000197,莫是龙,莫是龍,5,0,0,131108
AU000198,牟益,牟益,1,1,1,39807
AU000199,倪瓒,倪瓚,78,1,21,33468
AU000202,蒲华,蒲華,5,0,5,90679
AU000205,祁序,祁序,1,0,0,42206
AU000207,钱榖,錢榖,2,2,0,133136
AU000208,钱选,錢選,19,55,56,52320
AU000209,乔仲常,喬仲常,1,2,0,49013
AU000210,屈鼎,屈鼎,1,0,0,42186
AU000211,任仁发,任仁發,0,14,11,101824
AU000212,任贤佐,任賢佐,0,1,0,117644
AU000213,任熊,任熊,3,21,14,74446
AU000215,任颐,任頤,3,9,19,74444
AU000216,任预,任預,1,1,0,74437
AU000218,商琦,商琦,3,0,0,106343
AU000222,沈周,沈周,161,4,56,34784
AU000223,盛懋,盛懋,42,6,2,108728
AU000225,石恪,石恪,0,3,0,38563
AU000230,宋克,宋克,4,0,1,127657
AU000231,宋汝志,宋汝志,0,1,2,40220
AU000232,宋旭,宋旭,27,5,0,200243
AU000233,苏汉臣,蘇漢臣,0,23,1,45060
AU000234,苏轼,蘇軾,2,0,8,3767
AU000237,孙克弘,孫克弘,2,1,13,129723
AU000243,唐棣,唐棣,13,0,1,105194
AU000244,唐寅,唐寅,86,51,24,34868
AU000245,万寿祺,萬壽祺,9,0,4,65963
AU000246,汪士慎,汪士慎,4,0,15,79266
AU000248,王迪简,王迪簡,0,0,1,101297
AU000249,王铎,王鐸,2,0,1,71166
AU000250,王谔,王諤,5,0,0,101007
AU000251,王绂,王紱,23,1,5,34474
AU000252,王洪,王洪,7,0,0,39624
AU000253,王翚,王翬,168,0,1,65886
AU000254,王鉴,王鑒,136,0,1,65829
AU000255,王居正,王居正,0,1,0,37663
AU000259,王利用,王利用,0,1,0,1849
AU000260,王履,王履,1,0,0,10123
AU000261,王蒙,王蒙,82,1,2,100923
AU000262,王冕,王冕,0,0,12,28798
AU000263,王齐翰,王齊翰,0,6,0,38317
AU000264,王诜,王詵,18,3,1,7376
AU000265,王时敏,王時敏,92,0,3,55432
AU000266,王维,王維,11,2,1,32174
AU000270,王晓,王曉,0,0,2,37769
AU000272,王渊,王淵,3,0,49,100803
AU000273,王原祁,王原祁,139,0,1,65759
AU000274,王振鹏,王振鵬,14,13,1,101309
AU000275,韦偃,韋偃,0,1,0,450671
AU000276,卫贤,衛賢,1,0,0,335270
AU000277,文伯仁,文伯仁,32,1,0,34687
AU000278,文嘉,文嘉,18,0,2,34678
AU000279,文彭,文彭,1,0,1,34677
AU000281,文同,文同,2,0,5,10173
AU000282,文徵明,文徵明,126,8,19,34673
AU000283,吴炳,吳炳,0,0,12,41717
AU000284,吴昌硕,吳昌碩,3,2,67,78427
AU000285,吴道子,吳道子,2,8,0,43849
AU000286,吴历,吳曆,32,0,0,312475
AU000288,吴伟,吳偉,6,29,0,128214
AU000289,吴伟业,吳偉業,2,0,0,35118
AU000290,吴镇,吳鎮,38,0,29,33891
AU000293,夏珪,夏珪,17,3,1,44565
AU000294,夏森,夏森,1,1,0,44609
AU000301,项圣谟,項聖謨,21,1,16,84039
AU000302,项元汴,項元汴,2,1,2,30328
AU000303,萧云从,蕭雲從,40,0,0,88410
AU000304,萧照,蕭照,8,0,0,39495
AU000310,徐贲,徐賁,7,0,0,34387
AU000311,徐崇嗣,徐崇嗣,0,0,4,45078
AU000313,徐渭,徐渭,0,1,26,30607
AU000314,徐熙,徐熙,0,0,14,45077
AU000317,许道宁,許道寧,18,1,2,791
AU000321,阎次平,閻次平,12,1,0,52145
AU000322,阎次于,閻次於,6,0,0,52144
AU000323,阎立本,閻立本,0,13,0,180064
AU000324,颜辉,顏輝,5,12,2,112740
AU000327,燕肃,燕肅,10,0,0,4082
AU000328,燕文贵,燕文貴,27,2,0,42189
AU000329,扬无咎,揚無咎,1,0,6,49504
AU000333,杨世昌,楊世昌,0,1,0,49518
AU000335,姚绶,姚綬,2,2,7,100239
AU000337,叶肖严,葉肖嚴,1,0,0,49829
AU000338,易元吉,易元吉,1,0,18,42866
AU000341,禹之鼎,禹之鼎,6,7,2,65464
AU000345,恽寿平,惲壽平,53,0,133,55122
AU000347,张观,張觀,4,0,0,106854
AU000349,张宏,張宏,20,7,4,79966
AU000350,张激,張激,0,1,0,299716
AU000353,张茂,張茂,0,0,1,46700
AU000354,张瑞图,張瑞圖,5,0,0,130559
AU000356,张舜咨,張舜諮,2,0,2,107215
AU000358,张渥,張渥,2,5,0,106666
AU000361,张逊,張遜,2,0,0,106746
AU000362,张彦辅,張彥輔,0,0,1,107107
AU000363,张崟,張崟,2,0,0,80066
AU000367,张中,張中,0,0,5,106462
AU000368,赵伯驹,趙伯駒,44,2,9,25534
AU000369,赵伯骕,趙伯驌,9,1,1,25533
AU000370,赵昌,趙昌,0,1,23,38503
AU000371,赵大亨,趙大亨,2,0,0,39588
AU000372,赵芾,趙芾,1,0,0,50074
AU000373,赵干,趙幹,3,0,0,50151
AU000374,赵构,趙構,4,0,0,9010
AU000375,赵光辅,趙光輔,0,1,0,50518
AU000376,赵佶,趙佶,5,6,50,9008
AU000379,赵葵,趙葵,1,0,0,15219
AU000383,赵孟坚,趙孟堅,0,0,3,15106
AU000384,赵孟頫,趙孟頫,39,75,27,17690
AU000385,赵士雷,趙士雷,4,0,0,50268
AU000387,赵雍,趙雍,12,15,10,17693
AU000389,赵之谦,趙之謙,0,0,36,65635
AU000390,赵衷,趙衷,2,0,2,110390
AU000391,郑思肖,鄭思肖,0,0,2,10912
AU000392,郑燮,鄭燮,0,0,19,65888
AU000394,周臣,周臣,16,12,0,128800
AU000395,周东卿,周東卿,0,0,2,103996
AU000396,周昉,周昉,0,14,0,165061
AU000399,周文矩,周文矩,0,38,0,42602
AU000400,朱耷,朱耷,51,0,79,68854
AU000401,朱德润,朱德潤,16,0,0,28800
AU000403,朱锐,朱銳,6,0,0,39828
AU000404,朱绍宗,朱紹宗,1,0,1,39852
AU000406,朱惟德,朱惟德,1,0,1,217356
AU000408,朱玉,朱玉,0,3,0,101902
AU000409,祝允明,祝允明,1,1,0,30180
AU000413,范宽,范寬,29,0,0,38864
AU000414,黄山寿,黃山壽,5,2,1,88054
AU000415,樊圻,樊圻,41,0,7,91317
AU000419,李流芳,李流芳,7,0,0,34751
AU000420,夏圭,夏圭,57,3,2,44565
AU000422,张璪,張璪,1,0,0,156665
AU000426,董邦达,董邦達,55,1,0,57670
AU000427,陈师曾,陳師曾,0,0,2,156140
AU000436,张鹏翀,張鵬翀,6,0,0,68014
AU000437,顾鹤庆,顧鶴慶,2,0,0,54092
AU000451,钱慧安,錢慧安,0,3,1,86614
AU000453,李鱓,李鱓,0,0,23,77198
AU000464,居廉,居廉,0,0,21,83951
AU000465,黄筌,黃筌,0,0,14,41489
AU000467,任薰,任薰,0,25,4,388387
AU000476,李用及,李用及,0,0,1,40929
AU000477,李猷,李猷,0,0,2,40599
AU000479,李渔,李漁,1,0,1,65737
AU000480,李煜,李煜,0,1,1,188616
AU000484,励宗万,勵宗萬,3,0,0,59386
AU000485,廉布,廉布,0,1,0,33340
AU000492,林纾,林紓,1,0,0,54317
AU000494,林雪,林雪,0,0,3,56576
AU000495,凌必正,凌必正,1,0,0,356570
AU000507,刘九德,劉九德,0,0,1,304416
AU000508,刘珏,劉珏,2,0,0,132776
AU000522,刘宗古,劉宗古,0,1,0,51986
AU000526,楼观,樓觀,1,0,0,40222
AU000537,陆汉,陸漢,1,0,0,246601
AU000538,陆恢,陸恢,0,1,2,81102
AU000539,陆惠,陸惠,0,0,1,118089
AU000543,陆青,陸青,0,1,0,48080
AU000544,陆士仁,陸士仁,4,0,0,130731
AU000564,吕文英,呂文英,1,1,0,323328
AU000567,马公显,馬公顯,0,1,0,44312
AU000573,马世昌,馬世昌,0,0,2,24520
AU000574,马世荣,馬世榮,1,0,2,44331
AU000577,马守贞,馬守貞,0,0,2,118839
AU000579,马兴祖,馬興祖,1,1,0,44316
AU000580,马逸,馬逸,0,0,1,434017
AU000581,马永忠,馬永忠,1,0,0,44323
AU000588,毛文昌,毛文昌,0,1,0,38494
AU000590,冒襄,冒襄,0,0,1,56236
AU000594,孟显,孟顯,0,2,0,42423
AU000601,明俭,明儉,1,0,0,235543
AU000602,王谦,王謙,0,0,2,124993
AU000603,宣宗,宣宗,0,0,2,521515
AU000606,牟仲甫,牟仲甫,0,0,1,39851
AU000609,倪端,倪端,1,0,0,129860
AU000612,倪元璐,倪元璐,3,0,2,30734
AU000613,聂璜,聶璜,0,0,1,550728
AU000621,彭玉麟,彭玉麟,0,0,1,58515
AU000634,祁豸佳,祁豸佳,6,0,0,33173
AU000637,钱杜,錢杜,10,1,1,86405
AU000638,钱沣,錢灃,1,0,0,57245
AU000645,钱维城,錢維城,24,1,14,54993
AU000646,钱维乔,錢維喬,2,0,0,86585
AU000648,钱暹,錢暹,2,0,0,308506
AU000649,钱易,錢易,0,1,0,146
AU000651,钱载,錢載,0,0,4,29772
AU000656,秦祖永,秦祖永,0,1,0,85744
AU000660,唐岱,唐岱,19,12,0,87592
AU000662,丘鉴,丘鑑,0,0,1,387856
AU000664,丘文播,丘文播,0,1,0,39369
AU000669,阙岚,闕嵐,0,0,1,90890
AU000678,萨天锡,薩天錫,0,0,1,511784
AU000680,商喜,商喜,2,6,2,130099
AU000682,上官周,上官周,1,1,0,70858
AU000685,邵宝,邵寶,1,0,0,34580
AU000690,沈颢,沈顥,2,0,0,79549
AU000691,沈焕,沈煥,0,0,1,10319
AU000693,沈孟坚,沈孟堅,0,0,1,103758
AU000697,沈诠,沈詮,0,0,7,79490
AU000698,沈荃,沈荃,0,0,1,79492
AU000711,沈贞吉,沈貞吉,0,0,1,127582
AU000714,沈宗敬,沈宗敬,6,0,0,79687
AU000718,盛师颜,盛師顏,0,2,0,48875
AU000725,石锐,石銳,8,2,0,127011
AU000731,史文,史文,0,1,0,101525
AU000733,舒浩,舒浩,0,1,0,295310
AU000738,宋迪,宋迪,2,0,0,2124
AU000740,宋骏业,宋駿業,1,0,0,79897
AU000741,宋濂,宋濂,0,1,0,10097
AU000742,宋荦,宋犖,1,0,0,34134
AU000744,宋思仁,宋思仁,0,0,1,79890
AU000748,苏焯,蘇焯,0,1,0,52906
AU000750,苏六朋,蘇六朋,0,1,0,76389
AU000754,孙璜,孫璜,0,2,0,397719
AU000761,孙启,孫啟,0,0,1,179727
AU000771,孙玥,孫玥,0,0,1,266476
AU000778,汤贻汾,湯貽汾,1,0,3,75565
AU000779,汤正仲,湯正仲,0,0,1,48430
AU000783,唐希雅,唐希雅,0,0,1,43691
AU000786,陶成,陶成,3,0,4,67266
AU000788,陶复初,陶復初,1,0,0,29850
AU000792,陶铉,陶鉉,1,0,0,108351
AU000806,童钰,童鈺,0,0,1,90287
AU000811,汪承霈,汪承霈,1,0,6,59004
AU000812,汪昉,汪昉,1,0,0,79183
AU000818,汪鋆,汪鋆,1,0,0,79237
AU000820,汪之瑞,汪之瑞,2,0,0,411381
AU000827,王宸,王宸,9,0,0,69283
AU000831,王定国,王定國,0,0,1,45901
AU000832,王端,王端,1,0,0,39130
AU000833,王酆,王酆,0,0,1,192648
AU000835,王冈,王岡,1,0,1,1837
AU000841,王辉,王輝,0,1,0,37868
AU000846,王兼济,王兼濟,0,1,0,37944
AU000849,王建章,王建章,3,0,1,327163
AU000851,王敬铭,王敬銘,2,0,0,72046
AU000859,王凝,王凝,0,0,2,37829
AU000866,王世昌,王世昌,3,0,0,126488
AU000868,王守谦,王守謙,0,0,1,414287
AU000871,王愫,王愫,1,0,0,55970
AU000872,王图炳,王圖炳,0,0,3,66261
AU000874,王文炜,王文煒,0,1,0,316803
AU000877,王无忝,王無忝,1,0,0,343728
AU000878,王武,王武,1,0,10,69260
AU000880,王学浩,王學浩,5,0,0,69469
AU000883,王岩叟,王巖叟,0,0,1,8154
AU000885,王友,王友,0,0,1,38499
AU000887,王幼学,王幼學,1,0,0,101127
AU000892,王肇基,王肇基,0,1,0,342872
AU000894,王者佐,王者佐,1,0,0,517448
AU000904,卫九鼎,衛九鼎,0,1,0,112187
AU000913,文俶,文俶,0,0,12,126426
AU000914,文从简,文從簡,1,1,2,34692
AU000915,文点,文點,1,0,0,34686
AU000917,文台,文臺,0,1,0,34679
AU000919,文元善,文元善,1,0,0,34681
AU000920,文震亨,文震亨,1,0,0,34683
AU000921,文征明,文徵明,1,0,1,34673
AU000922,翁方纲,翁方綱,0,1,1,33848
AU000923,翁雒,翁雒,0,1,0,87199
AU000932,吴大澂,吳大澂,1,0,0,61653
AU000949,吴俊臣,吳俊臣,1,0,0,41603
AU000950,吴俊卿,吳俊卿,0,0,5,393358
AU000956,吴若准,吳若準,1,0,0,65567
AU000958,吴山涛,吳山濤,1,0,0,78219
AU000975,吴元瑜,吳元瑜,0,0,1,41439
AU000987,武宗元,武宗元,1,1,0,42249
AU000988,奚冈,奚岡,5,0,1,87182
AU000990,夏昺,夏昺,0,0,1,33445
AU000992,夏葵,夏葵,2,1,0,129523
AU001005,谢伯诚,謝伯誠,1,0,0,112485
AU001011,谢桢,謝楨,1,0,0,99344
AU001015,辛澄,辛澄,0,1,0,178674
AU001017,邢慈静,邢慈靜,0,1,0,120996
AU001025,徐崇矩,徐崇矩,0,4,0,45082
AU001028,徐枋,徐枋,1,0,1,62862
AU001037,徐霖,徐霖,0,0,2,129985
AU001048,徐知常,徐知常,0,1,0,42712
AU001050,许迪,許迪,0,0,1,45380
AU001055,许佑,許佑,0,0,1,279922
AU001057,薛素素,薛素素,0,0,1,56584
AU001068,杨安道,楊安道,1,0,0,49529
AU001071,杨伯润,楊伯潤,1,0,0,76770
AU001076,杨柳,楊柳,1,0,0,217605
AU001079,杨日严,楊日嚴,0,1,0,2012
AU001081,杨士贤,楊士賢,3,0,0,45697
AU001083,杨威,楊威,1,1,0,49371
AU001084,杨文骢,楊文驄,6,0,1,65957
AU001091,姚宋,姚宋,1,0,0,338472
AU001093,姚文瀚,姚文瀚,0,16,0,442330
AU001095,姚元之,姚元之,0,0,1,54579
AU001098,叶澄,葉澄,2,0,0,131976
AU001110,伊秉绶,伊秉綬,2,0,1,74605
AU001129,于敏中,于敏中,1,0,0,57033
AU001142,宇文公谅,宇文公諒,1,0,0,101864
AU001147,袁枚,袁枚,0,0,1,54115
AU001155,恽冰,惲冰,0,0,4,54303
AU001160,詹景凤,詹景鳳,3,0,0,438804
AU001161,张伯洪,張伯洪,0,1,1,310552
AU001166,张成龙,張成龍,1,0,0,59973
AU001167,张翀,張翀,1,7,1,70447
AU001168,张赐宁,張賜寧,1,0,0,80924
AU001173,张敦礼,張敦禮,1,2,1,47238
AU001174,张风,張風,6,3,0,79937
AU001184,张纪,張紀,0,1,0,46710
AU001185,张浃,張浹,1,0,0,22824
AU001191,张戡,張戡,0,2,0,46831
AU001194,张灵,張靈,1,1,0,130714
AU001196,张伦,張倫,1,0,0,130480
AU001200,张宁,張寧,2,0,0,34517
AU001205,张若霭,張若靄,4,0,5,80608
AU001206,张若澄,張若澄,14,5,1,346398
AU001214,张问陶,張問陶,1,0,0,54809
AU001217,张训礼,張訓禮,1,1,0,47198
AU001219,张祐,張祐,0,0,1,67220
AU001223,张宇初,張宇初,0,1,0,34443
AU001229,张远,張遠,1,0,0,106748
AU001232,张之万,張之萬,1,0,0,54432
AU001244,赵孟吁,趙孟籲,2,0,0,17691
AU001248,赵清涧,趙清澗,0,1,0,110700
AU001256,赵希远,趙希遠,1,0,0,99532
AU001257,赵晓,趙曉,1,0,0,325805
AU001262,趙原,趙原,1,0,0,110375
AU001263,赵之琛,趙之琛,0,0,1,84145
AU001265,赵宗汉,趙宗漢,1,0,0,50697
AU001267,赵左,趙左,13,0,0,438079
AU001277,郑虔,鄭虔,1,0,1,93855
AU001279,郑石,鄭石,0,0,1,546068
AU001281,郑叙,鄭敘,1,0,0,318913
AU001282,郑元勋,鄭元勳,1,0,0,124691
AU001284,钟礼,鍾禮,1,0,0,133383
AU001290,周颢,周顥,1,0,0,35617
AU001291,周鲲,周鯤,4,3,0,203056
AU001296,周龙,周龍,0,1,0,450951
AU001303,周天球,周天球,0,0,2,128788
AU001304,周文靖,周文靖,2,2,0,128780
AU001308,周用,周用,1,0,0,68349
AU001312,朱昂之,朱昂之,0,0,1,74192
AU001314,朱称,朱稱,0,0,2,3254
AU001315,朱偁,朱偁,0,0,2,182150
AU001316,朱承,朱承,4,3,1,39438
AU001317,朱端,朱端,6,1,1,127372
AU001318,朱芾,朱芾,0,0,1,101915
AU001319,朱光普,朱光普,3,0,0,39599
AU001321,朱怀瑾,朱懷瑾,2,0,0,40044
AU001322,朱见深,朱見深,0,3,0,30156
AU001324,朱克柔,朱克柔,0,0,2,74156
AU001325,朱伦瀚,朱倫瀚,2,2,0,57552
AU001331,朱叔重,朱叔重,2,0,0,102014
AU001333,朱熊,朱熊,0,0,1,73974
AU001336,朱瞻基,朱瞻基,2,5,16,30153
AU001340,祝次仲,祝次仲,1,0,0,44353
AU001345,邹一桂,鄒一桂,6,1,39,57333
AU001346,邹之麟,鄒之麟,2,0,0,207647
AU001357,艾宣,艾宣,0,0,1,37838
AU001363,边鸾,邊鸞,0,0,5,555139
AU001364,卞永誉,卞永譽,0,1,0,55247
AU001367,蔡含,蔡含,0,0,2,522677
AU001368,蔡嘉,蔡嘉,2,0,1,548927
AU001375,曹堪,曹堪,0,0,1,234536
AU001383,曹湛,曹湛,0,0,1,404690
AU001387,曾懿,曾懿,1,0,0,55550
AU001388,查继佐,查繼佐,1,0,1,65915
AU001392,晁说之,晁說之,0,0,1,3029
AU001395,陈崇光,陳崇光,1,0,0,82086
AU001402,陈衡恪,陳衡恪,0,0,1,82240
AU001405,陈鸿寿,陳鴻壽,0,0,16,82100
AU001410,陈鉴如,陳鑑如,0,1,0,108339
AU001415,陈立善,陳立善,0,0,1,108165
AU001421,陈芹,陳芹,0,0,1,130852
AU001429,陈士俊,陳士俊,1,1,0,81524
AU001432,陈书,陳書,4,1,9,65499
AU001441,陈元素,陳元素,0,0,2,130802
AU001442,陈远,陳遠,0,2,0,130975
AU001450,陈仲仁,陳仲仁,0,1,0,108166
AU001451,陈撰,陳撰,0,1,2,65542
AU001461,程嗣立,程嗣立,1,0,0,90056
AU001463,程庭鹭,程庭鷺,2,0,0,90025
AU001464,程正揆,程正揆,8,0,0,57498
AU001472,崔鹤,崔鶴,0,3,0,318550
AU001478,崔子忠,崔子忠,0,5,0,65845
AU001479,笪重光,笪重光,1,0,0,30651
AU001483,戴本孝,戴本孝,17,0,0,91707
AU001486,戴明说,戴明說,0,0,2,56997
AU001487,戴衢亨,戴衢亨,2,1,0,58394
AU001488,戴天瑞,戴天瑞,2,0,0,224672
AU001489,戴熙,戴熙,9,0,0,65932
AU001490,戴泽,戴澤,0,1,0,91672
AU001492,道宏,道宏,0,2,0,426971
AU001497,刁光胤,刁光胤,0,0,1,44201
AU001500,丁观鹏,丁觀鵬,4,51,0,68901
AU001504,丁玉川,丁玉川,3,0,0,126302
AU001505,董诰,董誥,9,0,10,57321
AU001506,董教增,董教增,1,0,0,55182
AU001508,董祥,董祥,0,0,1,49690
AU001515,杜大成,杜大成,0,2,18,537941
AU001517,杜贯道,杜貫道,1,0,0,40423
AU001518,杜蘅,杜蘅,0,1,0,363764
AU001519,杜琼,杜瓊,3,2,0,127729
AU001529,方椿年,方椿年,1,1,1,38925
AU001535,方士庶,方士庶,2,2,3,69002
AU001536,方婉仪,方婉儀,0,0,1,72588
AU001537,方维仪,方維儀,0,2,0,54969
AU001539,方熏,方薰,0,0,1,30201
AU001541,方以智,方以智,1,0,0,54996
AU001547,费丹旭,費丹旭,0,4,0,85432
AU001563,傅山,傅山,20,0,1,30248
AU001567,改琦,改琦,1,9,0,79932
AU001569,高层云,高層雲,1,0,0,87348
AU001570,高克明,高克明,4,0,0,41982
AU001574,高其佩,高其佩,23,5,8,59350
AU001575,高文进,高文進,0,1,0,43569
AU001584,龚吉,龔吉,0,0,2,38997
AU001590,顾大申,顧大申,1,0,0,59223
AU001591,顾德谦,顧德謙,0,1,2,39092
AU001593,顾符稹,顧符稹,3,0,0,86341
AU001594,顾皋,顧皋,1,0,1,56923
AU001595,顾见龙,顧見龍,0,4,0,86256
AU001597,顾亮,顧亮,1,0,0,40179
AU001599,顾洛,顧洛,1,0,1,122103
AU001604,顾韶,顧韶,0,1,0,122101
AU001606,顾绣,顧繡,0,35,0,433448
AU001611,顾沄,顧沄,4,1,0,86176
AU001612,顾云臣,顧雲臣,1,0,0,86254
AU001616,关槐,關槐,4,0,4,65647
AU001618,关思,關思,1,0,0,146839
AU001619,管道升,管道昇,3,2,7,110223
AU001623,归昌世,歸昌世,0,0,1,133452
AU001627,郭朝祚,郭朝祚,0,1,0,439226
AU001628,郭纯,郭純,0,1,0,130171
AU001629,郭敏,郭敏,0,0,3,107748
AU001632,郭熙,郭熙,50,2,0,19509
AU001633,郭诩,郭詡,0,33,1,130182
AU001643,韩佑,韓佑,0,0,2,112533
AU001644,何充,何充,0,1,0,41840
AU001655,赫奕,赫奕,11,0,0,59824
AU001657,李叔同,李叔同,0,1,0,77605
AU001662,胡高望,胡高望,0,1,0,57342
AU001668,胡彦龙,胡彥龍,1,0,0,43081
AU001680,黄彪,黃彪,0,1,0,539025
AU001681,黄道周,黃道周,2,0,1,65942
AU001688,黄吕,黃呂,1,0,0,555358
AU001695,黄应谌,黃應諶,0,1,0,435849
AU001697,黄钺,黃鉞,1,4,2,56885
AU001698,黄增,黃增,0,2,0,268715
AU001700,黄柱,黃柱,1,0,0,321346
AU001706,纪昀,紀昀,1,0,0,30080
AU001710,贾师古,賈師古,0,1,0,49287
AU001712,江大来,江大來,1,0,0,527998
AU001717,姜立纲,姜立綱,1,0,0,128967
AU001718,姜实节,姜實節,2,0,0,85280
AU001723,蒋季锡,蔣季錫,0,0,1,55820
AU001727,蒋乾,蔣乾,1,1,0,132560
AU001729,蒋廷锡,蔣廷錫,0,0,36,65840
AU001731,焦秉贞,焦秉貞,3,66,2,438125
AU001732,焦循,焦循,2,0,0,29794
AU001735,金侃,金侃,1,0,0,82990
AU001736,金昆,金昆,0,2,1,250028
AU001737,金礼嬴,金禮嬴,1,0,0,83057
AU001738,金湜,金湜,0,0,2,128733
AU001745,蓝深,藍深,1,0,0,422952
AU001748,冷枚,冷枚,0,51,0,510997
AU001749,冷谦,冷謙,4,0,0,102238
AU001750,黎简,黎簡,1,0,0,91347
AU001752,李秉德,李秉德,0,0,1,77643
AU001753,李从训,李從訓,1,0,2,46002
AU001754,李大忠,李大忠,0,0,1,406250
AU001755,李德茂,李德茂,0,0,1,41232
AU001765,卞栾,卞欒,0,0,1,387229
AU001766,白良玉,白良玉,0,1,0,39139
AU001777,戴琬,戴琬,0,0,1,52667
AU001786,洪子范,洪子範,1,0,0,43288
AU001794,李思诲,李思誨,1,0,0,32533
AU001805,杨日言,楊日言,0,1,0,49509
AU001837,朱熹,朱熹,0,0,1,3257
AU001850,钱舜举,錢舜舉,0,0,1,429657
AU001865,孙知微,孫知微,0,1,0,45227
